{
	"Calibration": {
		"Dynamic": {
			"CalibrationHistory": null,
			"Stereo": {
				"Angle": {
					"Epipolar": -1.74031847564037889e-05,
					"OpticalAxis": 2.9853808882762678e-05,
					"Vergence": -1.30639446069835685e-05
				},
				"DisparityMapOffset": 0,
				"Left": {
					"Camera": [
						[
							1063.585205078125,
							0,
							0
						],
						[
							0,
							1063.585205078125,
							0
						],
						[
							537.00897216796875,
							510.89263916015625,
							1
						]
					],
					"ForcedRawImageSize": [
						2147483647,
						2147483647
					],
					"ForcedRectifiedImageSize": [
						2147483647,
						2147483647
					],
					"RawAoiIncrements": {
						"Height": 1,
						"Left": 1,
						"Top": 1,
						"Width": 1
					},
					"RectifiedAoiIncrements": {
						"Height": 1,
						"Left": 1,
						"Top": 1,
						"Width": 1
					},
					"Rotation": [
						[
							0.998163395162995237,
							-0.00134401026489180714,
							-0.0605642649843111808
						],
						[
							0.00149057919866614637,
							0.999996068904519197,
							0.00237494192785252071
						],
						[
							0.060560834954073238,
							-0.00246085593158833866,
							0.998161474641127144
						]
					]
				},
				"Reprojection": [
					[
						1,
						0,
						0,
						0
					],
					[
						0,
						1,
						0,
						0
					],
					[
						0,
						0,
						0,
						0.00907770631377083186
					],
					[
						-537.00897216796875,
						-510.89263916015625,
						1063.585205078125,
						1.38396902010445411
					]
				],
				"Right": {
					"Camera": [
						[
							1063.585205078125,
							0,
							0
						],
						[
							0,
							1063.585205078125,
							0
						],
						[
							689.46697998046875,
							510.89263916015625,
							1
						]
					],
					"ForcedRawImageSize": [
						2147483647,
						2147483647
					],
					"ForcedRectifiedImageSize": [
						2147483647,
						2147483647
					],
					"RawAoiIncrements": {
						"Height": 1,
						"Left": 1,
						"Top": 1,
						"Width": 1
					},
					"RectifiedAoiIncrements": {
						"Height": 1,
						"Left": 1,
						"Top": 1,
						"Width": 1
					},
					"Rotation": [
						[
							0.998785010813268981,
							0.00125053511470019757,
							0.0492639659047558673
						],
						[
							-0.00113490895272692687,
							0.99999653572956515,
							-0.00237497590253152313
						],
						[
							-0.0492667652318179577,
							0.00231618021653905767,
							0.99878296999538263
						]
					]
				}
			}
		},
		"Monocular": {
			"Left": {
				"BinningShift": [
					-11,
					1
				],
				"Camera": [
					[
						1150.821533203125,
						0,
						0
					],
					[
						0,
						1151.21435546875,
						0
					],
					[
						636.3028564453125,
						527.91778564453125,
						1
					]
				],
				"Distortion": {
					"K1": -0.53863757848739624,
					"K2": 0.282972425222396851,
					"K3": -0.0779055655002593994,
					"Rx": -0.00292101036757230759,
					"Ry": -0.00282722082920372486,
					"T1": 0.000665582192596048117,
					"T2": -0.000646200263872742653
				}
			},
			"Right": {
				"BinningShift": [
					13,
					1
				],
				"Camera": [
					[
						1152.4302978515625,
						0,
						0
					],
					[
						0,
						1152.9317626953125,
						0
					],
					[
						623.46539306640625,
						494.948638916015625,
						1
					]
				],
				"Distortion": {
					"K1": -0.541987359523773193,
					"K2": 0.298080891370773315,
					"K3": -0.0953468754887580872,
					"Rx": -0.00104291632305830717,
					"Ry": -0.00310565344989299774,
					"T1": 0.000336173921823501587,
					"T2": 0.000143253069836646318
				}
			}
		},
		"Stereo": {
			"Angle": {
				"Epipolar": 0.00471512455671153734,
				"OpticalAxis": -0.00253902619032263504,
				"Vergence": 0.109859225589764312
			},
			"Baseline": 110.159985951848356,
			"Left": {
				"Camera": [
					[
						1063.585205078125,
						0,
						0
					],
					[
						0,
						1063.585205078125,
						0
					],
					[
						537.00897216796875,
						510.89263916015625,
						1
					]
				],
				"Rotation": [
					[
						0.998164225980620934,
						-0.00131526517067745278,
						-0.0605512018876488214
					],
					[
						0.00146069459330685071,
						0.999996154138187099,
						0.00235755808840472109
					],
					[
						0.0605478682020522338,
						-0.00244167695773236937,
						0.998162308379664798
					]
				]
			},
			"Reprojection": [
				[
					1,
					0,
					0,
					0
				],
				[
					0,
					1,
					0,
					0
				],
				[
					0,
					0,
					0,
					0.00907770631377083186
				],
				[
					-537.00897216796875,
					-510.89263916015625,
					1063.585205078125,
					1.38396902010445411
				]
			],
			"Right": {
				"Camera": [
					[
						1063.585205078125,
						0,
						0
					],
					[
						0,
						1063.585205078125,
						0
					],
					[
						689.46697998046875,
						510.89263916015625,
						1
					]
				],
				"Rotation": [
					[
						0.998785691185258284,
						0.00121986033116459045,
						0.0492509393246288452
					],
					[
						-0.00110508615892997175,
						0.999996610346340353,
						-0.00235755814582716246
					],
					[
						-0.0492536482726626257,
						0.00230026881082747011,
						0.998783653698452678
					]
				]
			}
		}
	},
	"EepromFormat": {
		"Calibration": {
			"Current": 9,
			"Latest": 11
		}
	},
	"EepromId": 255,
	"HardwareRevision": {
		"Projector": 3
	},
	"Images": {
		"DisparityMap": 13286208782.7700005,
		"Normals": null,
		"PointMap": 13286208777.4179993,
		"Raw": [
			{
				"Left": 13286208797.9689999,
				"Right": 13286208797.9689999
			},
			{
				"Left": 13286208798.0219994,
				"Right": 13286208798.0219994
			},
			{
				"Left": 13286208798.066,
				"Right": 13286208798.066
			},
			{
				"Left": 13286208798.1189995,
				"Right": 13286208798.1189995
			},
			{
				"Left": 13286208798.1630001,
				"Right": 13286208798.1630001
			},
			{
				"Left": 13286208798.2159996,
				"Right": 13286208798.2159996
			},
			{
				"Left": 13286208798.2600002,
				"Right": 13286208798.2600002
			},
			{
				"Left": 13286208798.3139992,
				"Right": 13286208798.3139992
			},
			{
				"Left": 13286208798.3570004,
				"Right": 13286208798.3570004
			},
			{
				"Left": 13286208798.4109993,
				"Right": 13286208798.4109993
			},
			{
				"Left": 13286208798.4549999,
				"Right": 13286208798.4549999
			},
			{
				"Left": 13286208798.5079994,
				"Right": 13286208798.5079994
			},
			{
				"Left": 13286208798.552,
				"Right": 13286208798.552
			},
			{
				"Left": 13286208798.6049995,
				"Right": 13286208798.6049995
			},
			{
				"Left": 13286208798.6490002,
				"Right": 13286208798.6490002
			},
			{
				"Left": 13286208798.7019997,
				"Right": 13286208798.7019997
			}
		],
		"Rectified": [
			{
				"Left": 13286208782.7700005,
				"Right": 13286208782.7700005
			},
			{
				"Left": 13286208782.8239994,
				"Right": 13286208782.8239994
			},
			{
				"Left": 13286208782.8770008,
				"Right": 13286208782.8770008
			},
			{
				"Left": 13286208782.9309998,
				"Right": 13286208782.9309998
			},
			{
				"Left": 13286208782.9839993,
				"Right": 13286208782.9839993
			},
			{
				"Left": 13286208783.0370007,
				"Right": 13286208783.0370007
			},
			{
				"Left": 13286208783.0900002,
				"Right": 13286208783.0900002
			},
			{
				"Left": 13286208783.1429996,
				"Right": 13286208783.1429996
			},
			{
				"Left": 13286208783.1959991,
				"Right": 13286208783.1959991
			},
			{
				"Left": 13286208783.25,
				"Right": 13286208783.25
			},
			{
				"Left": 13286208783.302,
				"Right": 13286208783.302
			},
			{
				"Left": 13286208783.3560009,
				"Right": 13286208783.3560009
			},
			{
				"Left": 13286208783.4099998,
				"Right": 13286208783.4099998
			},
			{
				"Left": 13286208783.4629993,
				"Right": 13286208783.4629993
			},
			{
				"Left": 13286208783.5170002,
				"Right": 13286208783.5170002
			},
			{
				"Left": 13286208783.5699997,
				"Right": 13286208783.5699997
			}
		],