{
	"Calibration": {
		"Dynamic": {
			"CalibrationHistory": null,
			"Stereo": {
				"Angle": {
					"Epipolar": 0,
					"OpticalAxis": 0,
					"Vergence": 0
				},
				"DisparityMapOffset": 0,
				"Left": {
					"Camera": [
						[
							1064.0179443359375,
							0,
							0
						],
						[
							0,
							1064.0179443359375,
							0
						],
						[
							533.4423828125,
							506.637420654296875,
							1
						]
					],
					"ForcedRawImageSize": [
						0,
						0
					],
					"ForcedRectifiedImageSize": [
						0,
						0
					],
					"RawAoiIncrements": {
						"Height": 1,
						"Left": 1,
						"Top": 1,
						"Width": 1
					},
					"RectifiedAoiIncrements": {
						"Height": 1,
						"Left": 1,
						"Top": 1,
						"Width": 1
					},
					"Rotation": [
						[
							0.998310294863393621,
							-0.00224719534519069722,
							-0.0580646646665994928
						],
						[
							0.00232098157498091028,
							0.999996582490380481,
							0.00120335035970513325
						],
						[
							0.0580617620667224846,
							-0.00133608406926982053,
							0.998312098827349281
						]
					]
				},
				"Reprojection": [
					[
						1,
						0,
						0,
						0
					],
					[
						0,
						1,
						0,
						0
					],
					[
						0,
						0,
						0,
						0.00907593254280560958
					],
					[
						-533.4423828125,
						-506.637420654296875,
						1064.0179443359375,
						1.3797251042744989
					]
				],
				"Right": {
					"Camera": [
						[
							1064.0179443359375,
							0,
							0
						],
						[
							0,
							1064.0179443359375,
							0
						],
						[
							685.46258544921875,
							506.637420654296875,
							1
						]
					],
					"ForcedRawImageSize": [
						0,
						0
					],
					"ForcedRectifiedImageSize": [
						0,
						0
					],
					"RawAoiIncrements": {
						"Height": 1,
						"Left": 1,
						"Top": 1,
						"Width": 1
					},
					"RectifiedAoiIncrements": {
						"Height": 1,
						"Left": 1,
						"Top": 1,
						"Width": 1
					},
					"Rotation": [
						[
							0.99886467484072039,
							0.00091657343944738642,
							0.0476289958793184934
						],
						[
							-0.000860234709949141444,
							0.999998905971390295,
							-0.001203350433735632
						],
						[
							-0.0476300467308802614,
							0.00116101212425736796,
							0.998864370522475675
						]
					]
				}
			}
		},
		"Monocular": {
			"Left": {
				"BinningShift": [
					-11,
					1
				],
				"Camera": [
					[
						1151.7012939453125,
						0,
						0
					],
					[
						0,
						1152.18359375,
						0
					],
					[
						630.5333251953125,
						525.8326416015625,
						1
					]
				],
				"Distortion": {
					"K1": -0.541206777095794678,
					"K2": 0.292373150587081909,
					"K3": -0.0897978395223617554,
					"Rx": -0.0026026284322142601,
					"Ry": -0.000303666689433157444,
					"T1": 0.000449257902801036835,
					"T2": 0.000927567656617611647
				}
			},
			"Right": {
				"BinningShift": [
					13,
					1
				],
				"Camera": [
					[
						1152.5869140625,
						0,
						0
					],
					[
						0,
						1153.2073974609375,
						0
					],
					[
						622.4464111328125,
						490.32623291015625,
						1
					]
				],
				"Distortion": {
					"K1": -0.542579889297485352,
					"K2": 0.298139065504074097,
					"K3": -0.0943553447723388672,
					"Rx": -0.00330809713341295719,
					"Ry": -0.00322503503412008286,
					"T1": 0.00117740372661501169,
					"T2": 0.000158190552610903978
				}
			}
		},
		"Stereo": {
			"Angle": {
				"Epipolar": 0.00240670506073453142,
				"OpticalAxis": -0.00316861004117709871,
				"Vergence": 0.105744530895160699
			},
			"Baseline": 110.181515263981197,
			"Left": {
				"Camera": [
					[
						1064.0179443359375,
						0,
						0
					],
					[
						0,
						1064.0179443359375,
						0
					],
					[
						533.4423828125,
						506.637420654296875,
						1
					]
				],
				"Rotation": [
					[
						0.998310294863393621,
						-0.00224719534519069722,
						-0.0580646646665994928
					],
					[
						0.00232098157498091028,
						0.999996582490380481,
						0.00120335035970513325
					],
					[
						0.0580617620667224846,
						-0.00133608406926982053,
						0.998312098827349281
					]
				]
			},
			"Rectification": true,
			"Reprojection": [
				[
					1,
					0,
					0,
					0
				],
				[
					0,
					1,
					0,
					0
				],
				[
					0,
					0,
					0,
					0.00907593254280560958
				],
				[
					-533.4423828125,
					-506.637420654296875,
					1064.0179443359375,
					1.3797251042744989
				]
			],
			"Right": {
				"Camera": [
					[
						1064.0179443359375,
						0,
						0
					],
					[
						0,
						1064.0179443359375,
						0
					],
					[
						685.46258544921875,
						506.637420654296875,
						1
					]
				],
				"Rotation": [
					[
						0.99886467484072039,
						0.00091657343944738642,
						0.0476289958793184934
					],
					[
						-0.000860234709949141444,
						0.999998905971390295,
						-0.001203350433735632
					],
					[
						-0.0476300467308802614,
						0.00116101212425736796,
						0.998864370522475675
					]
				]
			}
		}
	},
	"EepromFormat": {
		"Calibration": {
			"Current": 9,
			"Latest": 9
		}
	},
	"EepromId": 255,
	"HardwareRevision": {
		"Projector": 3
	},
	"Images": {
		"DisparityMap": null,
		"Normals": null,
		"PointMap": null,
		"Raw": {
			"Left": 13281011293.4990005,
			"Right": 13281011293.4990005
		},
		"Rectified": {
			"Left": null,
			"Right": null
		},
		"RectifiedTexture": {
			"Left": null,
			"Right": null
		},
		"WithOverlay": {
			"Left": 13281011293.2240009,
			"Right": 13281011293.2240009
		}
	},
	"Link": {
		"Rotation": {
			"Angle": 1.95814612357276485,
			"Axis": [
				-0.588918494459284458,
				-0.534011980506704065,
				-0.606635155228509082
			]
		},
		"Target": "Workspace",
		"Translation": [
			45.4004898071289062,
			102.955070495605469,
			660.021484375
		]
	},
	"ModelName": "N45-602-16-IR",
	"Parameters": {
		"Capture": {
			"AbsoluteBlackLevelOffset": 0,
			"AutoBlackLevel": true,
			"AutoExposure": false,
			"AutoGain": false,
			"Binning": 1,
			"BlackLevelOffset": 0.599999999999999978,
			"BlackLevelOffsetCalibration": {
				"Left": 0,
				"Right": 0
			},
			"Exposure": 9.99999999999999822,
			"FlashDelay": -0.0500000000000000028,
			"FlexView": false,
			"FrontLight": true,
			"Gain": 1.12000000000000011,
			"GainBoost": false,
			"HardwareGamma": true,
			"Hdr": false,
			"ImageBuffer": {
				"Count": 1,
				"OverflowPolicy": "DiscardOld",
				"Size": 1
			},
			"MaxFlashTime": 10,
			"MaxGain": 4,
			"Mode": "Raw",
			"MultiExposureFactor": 1,
			"PixelClock": 43,
			"Projector": false,
			"ProjectorMinimumDutyCycle": 0.0500000000000000028,
			"TargetBrightness": 128,
			"TriggerDelay": 0,
			"TriggerMode": "Software",
			"Triggered": true,
			"UseDisparityMapAreaOfInterest": false,
			"UseRecalibrator": false,
			"WaitForRecalibration": true
		},
		"DisparityMap": {
			"AreaOfInterest": {
				"FullWidth": true,
				"LeftTop": [
					0,
					0
				],
				"Raw": {
					"Left": {
						"ImageOffset": [
							0,
							0
						],
						"LeftTop": [
							0,
							0
						],
						"RightBottom": [
							1279,
							1023
						]
					},
					"Right": {
						"ImageOffset": [
							0,
							0
						],
						"LeftTop": [
							0,
							0
						],
						"RightBottom": [
							1279,
							1023
						]
					}
				},
				"RightBottom": [
					1279,
					1023
				]
			},
			"ClipToAreaOfInterest": false,
			"Downsample": [
				1,
				1
			],
			"MeasurementVolume": {
				"Far": {
					"DisparityStep": 14.9614227348739703,
					"LeftBottom": [
						-663.978259127137562,
						642.718946898653599,
						1324.38817222465445
					],
					"LeftTop": [
						-663.978259127137562,
						-630.613995837941275,
						1324.38817222465445
					],
					"PixelSize": 1.24470473385786407,
					"RightBottom": [
						848.960344877095963,
						642.718946898653599,
						1324.38817222465445
					],