{
	"Calibration": {
		"Dynamic": {
			"CalibrationHistory": null,
			"Stereo": {
				"Angle": {
					"Epipolar": 0,
					"OpticalAxis": 0,
					"Vergence": 0
				},
				"DisparityMapOffset": 0,
				"Left": {
					"Camera": [
						[
							1063.585205078125,
							0,
							0
						],
						[
							0,
							1063.585205078125,
							0
						],
						[
							537.00897216796875,
							510.89263916015625,
							1
						]
					],
					"ForcedRawImageSize": [
						2147483647,
						2147483647
					],
					"ForcedRectifiedImageSize": [
						2147483647,
						2147483647
					],
					"RawAoiIncrements": {
						"Height": 1,
						"Left": 1,
						"Top": 1,
						"Width": 1
					},
					"RectifiedAoiIncrements": {
						"Height": 1,
						"Left": 1,
						"Top": 1,
						"Width": 1
					},
					"Rotation": [
						[
							0.998164225980620934,
							-0.00131526517067745278,
							-0.0605512018876488214
						],
						[
							0.00146069459330685071,
							0.999996154138187099,
							0.00235755808840472109
						],
						[
							0.0605478682020522338,
							-0.00244167695773236937,
							0.998162308379664798
						]
					]
				},
				"Reprojection": [
					[
						1,
						0,
						0,
						0
					],
					[
						0,
						1,
						0,
						0
					],
					[
						0,
						0,
						0,
						0.00907770631377083186
					],
					[
						-537.00897216796875,
						-510.89263916015625,
						1063.585205078125,
						1.38396902010445411
					]
				],
				"Right": {
					"Camera": [
						[
							1063.585205078125,
							0,
							0
						],
						[
							0,
							1063.585205078125,
							0
						],
						[
							689.46697998046875,
							510.89263916015625,
							1
						]
					],
					"ForcedRawImageSize": [
						2147483647,
						2147483647
					],
					"ForcedRectifiedImageSize": [
						2147483647,
						2147483647
					],
					"RawAoiIncrements": {
						"Height": 1,
						"Left": 1,
						"Top": 1,
						"Width": 1
					},
					"RectifiedAoiIncrements": {
						"Height": 1,
						"Left": 1,
						"Top": 1,
						"Width": 1
					},
					"Rotation": [
						[
							0.998785691185258284,
							0.00121986033116459045,
							0.0492509393246288452
						],
						[
							-0.00110508615892997175,
							0.999996610346340353,
							-0.00235755814582716246
						],
						[
							-0.0492536482726626257,
							0.00230026881082747011,
							0.998783653698452678
						]
					]
				}
			}
		},
		"Monocular": {
			"Left": {
				"BinningShift": [
					-11,
					1
				],
				"Camera": [
					[
						1150.821533203125,
						0,
						0
					],
					[
						0,
						1151.21435546875,
						0
					],
					[
						636.3028564453125,
						527.91778564453125,
						1
					]
				],
				"Distortion": {
					"K1": -0.53863757848739624,
					"K2": 0.282972425222396851,
					"K3": -0.0779055655002593994,
					"Rx": -0.00292101036757230759,
					"Ry": -0.00282722082920372486,
					"T1": 0.000665582192596048117,
					"T2": -0.000646200263872742653
				}
			},
			"Right": {
				"BinningShift": [
					13,
					1
				],
				"Camera": [
					[
						1152.4302978515625,
						0,
						0
					],
					[
						0,
						1152.9317626953125,
						0
					],
					[
						623.46539306640625,
						494.948638916015625,
						1
					]
				],
				"Distortion": {
					"K1": -0.541987359523773193,
					"K2": 0.298080891370773315,
					"K3": -0.0953468754887580872,
					"Rx": -0.00104291632305830717,
					"Ry": -0.00310565344989299774,
					"T1": 0.000336173921823501587,
					"T2": 0.000143253069836646318
				}
			}
		},
		"Stereo": {
			"Angle": {
				"Epipolar": 0.00471512455671153734,
				"OpticalAxis": -0.00253902619032263504,
				"Vergence": 0.109859225589764312
			},
			"Baseline": 110.159985951848356,
			"Left": {
				"Camera": [
					[
						1063.585205078125,
						0,
						0
					],
					[
						0,
						1063.585205078125,
						0
					],
					[
						537.00897216796875,
						510.89263916015625,
						1
					]
				],
				"Rotation": [
					[
						0.998164225980620934,
						-0.00131526517067745278,
						-0.0605512018876488214
					],
					[
						0.00146069459330685071,
						0.999996154138187099,
						0.00235755808840472109
					],
					[
						0.0605478682020522338,
						-0.00244167695773236937,
						0.998162308379664798
					]
				]
			},
			"Reprojection": [
				[
					1,
					0,
					0,
					0
				],
				[
					0,
					1,
					0,
					0
				],
				[
					0,
					0,
					0,
					0.00907770631377083186
				],
				[
					-537.00897216796875,
					-510.89263916015625,
					1063.585205078125,
					1.38396902010445411
				]
			],
			"Right": {
				"Camera": [
					[
						1063.585205078125,
						0,
						0
					],
					[
						0,
						1063.585205078125,
						0
					],
					[
						689.46697998046875,
						510.89263916015625,
						1
					]
				],
				"Rotation": [
					[
						0.998785691185258284,
						0.00121986033116459045,
						0.0492509393246288452
					],
					[
						-0.00110508615892997175,
						0.999996610346340353,
						-0.00235755814582716246
					],
					[
						-0.0492536482726626257,
						0.00230026881082747011,
						0.998783653698452678
					]
				]
			}
		}
	},
	"EepromFormat": {
		"Calibration": {
			"Current": 9,
			"Latest": 11
		}
	},
	"EepromId": 255,
	"HardwareRevision": {
		"Projector": 3
	},
	"Images": {
		"DisparityMap": null,
		"Normals": null,
		"PointMap": null,
		"Raw": {
			"Left": 13286208725.1040001,
			"Right": 13286208725.1040001
		},
		"Rectified": {
			"Left": null,
			"Right": null
		},
		"RectifiedTexture": {
			"Left": null,
			"Right": null
		},
		"WithOverlay": {
			"Left": 13286208725.1040001,
			"Right": 13286208725.1040001
		}
	},
	"Link": {
		"Rotation": {
			"Angle": 0,
			"Axis": [
				1,
				0,
				0
			]
		},
		"Target": "Workspace",
		"Translation": [
			-1.42108547152020037e-14,
			1.42108547152020037e-14,
			3
		]
	},
	"ModelName": "N45-602-16-IR",
	"Parameters": {
		"Capture": {
			"AutoBlackLevel": true,
			"AutoExposure": false,
			"AutoGain": false,
			"Binning": 1,
			"BlackLevelOffset": 0.599999999999999978,
			"BlackLevelOffsetCalibration": {
				"Left": 0,
				"Right": 0
			},
			"Exposure": 4.45080701754385899,
			"FlashDelay": -0.0500000000000000028,
			"FlexView": false,
			"FrontLight": true,
			"Gain": 1.03000000000000003,
			"GainBoost": false,
			"HardwareGamma": true,
			"Hdr": false,
			"ImageBuffer": {
				"Count": 1,
				"OverflowPolicy": "DiscardOld",
				"Size": 1
			},
			"MaxFlashTime": 10,
			"MaxGain": 4,
			"Mode": "Raw",
			"MultiExposureFactor": 1,
			"PixelClock": 43,
			"Projector": false,
			"ProjectorMinimumDutyCycle": 0.0500000000000000028,
			"TargetBrightness": 128,
			"TriggerDelay": 0,
			"TriggerMode": "Software",
			"Triggered": true,
			"UseDisparityMapAreaOfInterest": false,
			"UseRecalibrator": false,
			"WaitForRecalibration": true
		},
		"DisparityMap": {
			"AreaOfInterest": {
				"FullWidth": true,
				"LeftTop": [
					0,
					0
				],
				"Raw": {
					"Left": {
						"ImageOffset": [
							0,
							0
						],
						"LeftTop": [
							0,
							0
						],
						"RightBottom": [
							1279,
							1023
						]
					},
					"Right": {
						"ImageOffset": [
							0,
							0
						],
						"LeftTop": [
							0,
							0
						],
						"RightBottom": [
							1279,
							1023
						]
					}
				},
				"RightBottom": [
					1279,
					1023
				]
			},
			"ClipToAreaOfInterest": false,
			"Downsample": [
				1,
				1
			],
			"MeasurementVolume": {
				"Far": {
					"DisparityStep": 14.805601721002418,
					"LeftBottom": [
						-664.998039914822471,
						634.161455086321098,
						1317.07683356569669
					],
					"LeftTop": [
						-664.998039914822471,
						-632.657220375357042,
						1317.07683356569669
					],
					"PixelSize": 1.23833692615999835,
					"RightBottom": [
						840.200493832655411,
						634.161455086321098,
						1317.07683356569669
					],