{
	"Calibration": {
		"Dynamic": {
			"CalibrationHistory": null,
			"Stereo": {
				"Angle": {
					"Epipolar": -1.4321676644613035e-05,
					"OpticalAxis": 2.88850405922858045e-05,
					"Vergence": -1.58774710143916309e-05
				},
				"DisparityMapOffset": 0,
				"Left": {
					"Camera": [
						[
							1065.8533935546875,
							0,
							0
						],
						[
							0,
							1065.8533935546875,
							0
						],
						[
							536.76361083984375,
							510.78167724609375,
							1
						]
					],
					"ForcedRawImageSize": [
						2147483647,
						2147483647
					],
					"ForcedRectifiedImageSize": [
						2147483647,
						2147483647
					],
					"RawAoiIncrements": {
						"Height": 1,
						"Left": 1,
						"Top": 1,
						"Width": 1
					},
					"RectifiedAoiIncrements": {
						"Height": 1,
						"Left": 1,
						"Top": 1,
						"Width": 1
					},
					"Rotation": [
						[
							0.998239275685008698,
							-0.00153805420867100502,
							-0.059295723868762279
						],
						[
							0.00163928506448568902,
							0.999997280868588523,
							0.00165861385100295709
						],
						[
							0.0592930115978828678,
							-0.00175289608379220786,
							0.998239082650530518
						]
					]
				},
				"Reprojection": [
					[
						1,
						0,
						0,
						0
					],
					[
						0,
						1,
						0,
						0
					],
					[
						0,
						0,
						0,
						0.00907795429251311708
					],
					[
						-536.76361083984375,
						-510.78167724609375,
						1065.8533935546875,
						1.37892097791121504
					]
				],
				"Right": {
					"Camera": [
						[
							1065.8533935546875,
							0,
							0
						],
						[
							0,
							1065.8533935546875,
							0
						],
						[
							688.661376953125,
							510.78167724609375,
							1
						]
					],
					"ForcedRawImageSize": [
						2147483647,
						2147483647
					],
					"ForcedRectifiedImageSize": [
						2147483647,
						2147483647
					],
					"RawAoiIncrements": {
						"Height": 1,
						"Left": 1,
						"Top": 1,
						"Width": 1
					},
					"RectifiedAoiIncrements": {
						"Height": 1,
						"Left": 1,
						"Top": 1,
						"Width": 1
					},
					"Rotation": [
						[
							0.998816796430021747,
							0.00109617147444956574,
							0.0486189837138426076
						],
						[
							-0.00101673024882769475,
							0.999998107558795368,
							-0.00165865560902255177
						],
						[
							-0.048620709876239003,
							0.00160726069037550514,
							0.998816020738656274
						]
					]
				}
			}
		},
		"Monocular": {
			"Left": {
				"BinningShift": [
					-11,
					1
				],
				"Camera": [
					[
						1153.37744140625,
						0,
						0
					],
					[
						0,
						1154.01708984375,
						0
					],
					[
						634.82794189453125,
						528.30499267578125,
						1
					]
				],
				"Distortion": {
					"K1": -0.541655123233795166,
					"K2": 0.285472095012664795,
					"K3": -0.0787377357482910156,
					"Rx": -0.00129826983902603388,
					"Ry": -0.00207700417377054691,
					"T1": 0.000450574472779408097,
					"T2": -0.000278629624517634511
				}
			},
			"Right": {
				"BinningShift": [
					13,
					1
				],
				"Camera": [
					[
						1154.927734375,
						0,
						0
					],
					[
						0,
						1155.6168212890625,
						0
					],
					[
						623.74432373046875,
						493.751434326171875,
						1
					]
				],
				"Distortion": {
					"K1": -0.545398175716400146,
					"K2": 0.301558494567871094,
					"K3": -0.0976153090596199036,
					"Rx": -0.000841986271552741528,
					"Ry": -0.00356450327672064304,
					"T1": 0.000762583746109157801,
					"T2": -4.65602424810640514e-05
				}
			}
		},
		"Stereo": {
			"Angle": {
				"Epipolar": 0.00328864047249105475,
				"OpticalAxis": -0.00258061664248815815,
				"Vergence": 0.107937018620657299
			},
			"Baseline": 110.156976756837423,
			"Left": {
				"Camera": [
					[
						1065.8533935546875,
						0,
						0
					],
					[
						0,
						1065.8533935546875,
						0
					],
					[
						536.76361083984375,
						510.78167724609375,
						1
					]
				],
				"Rotation": [
					[
						0.998240261047730337,
						-0.00151006911296937122,
						-0.059279852518654641
					],
					[
						0.00161037388031064536,
						0.999997351453614791,
						0.00164431801097671203
					],
					[
						0.0592772124793752575,
						-0.00173688716664758386,
						0.998240048937952262
					]
				]
			},
			"Reprojection": [
				[
					1,
					0,
					0,
					0
				],
				[
					0,
					1,
					0,
					0
				],
				[
					0,
					0,
					0,
					0.00907795429251311708
				],
				[
					-536.76361083984375,
					-510.78167724609375,
					1065.8533935546875,
					1.37892097791121504
				]
			],
			"Right": {
				"Camera": [
					[
						1065.8533935546875,
						0,
						0
					],
					[
						0,
						1065.8533935546875,
						0
					],
					[
						688.661376953125,
						510.78167724609375,
						1
					]
				],
				"Rotation": [
					[
						0.998817599486975016,
						0.00106662440722616984,
						0.0486031405101632549
					],
					[
						-0.000987871483570034251,
						0.999998160162356764,
						-0.0016443180450997079
					],
					[
						-0.048604804958035909,
						0.00159436014607766945,
						0.998816815512592382
					]
				]
			}
		}
	},
	"EepromFormat": {
		"Calibration": {
			"Current": 9,
			"Latest": 11
		}
	},
	"EepromId": 255,
	"HardwareRevision": {
		"Projector": 3
	},
	"Images": {
		"DisparityMap": 13288967267.0170002,
		"Normals": null,
		"PointMap": null,
		"Raw": [
			{
				"Left": 13288967268.2089996,
				"Right": 13288967268.2089996
			},
			{
				"Left": 13288967268.2950001,
				"Right": 13288967268.2950001
			},
			{
				"Left": 13288967268.3579998,
				"Right": 13288967268.3579998
			},
			{
				"Left": 13288967268.4419994,
				"Right": 13288967268.4419994
			},
			{
				"Left": 13288967268.5049992,
				"Right": 13288967268.5049992
			},
			{
				"Left": 13288967268.5909996,
				"Right": 13288967268.5909996
			},
			{
				"Left": 13288967268.6529999,
				"Right": 13288967268.6529999
			},
			{
				"Left": 13288967268.7380009,
				"Right": 13288967268.7380009
			},
			{
				"Left": 13288967268.7999992,
				"Right": 13288967268.7999992
			},
			{
				"Left": 13288967268.8850002,
				"Right": 13288967268.8850002
			},
			{
				"Left": 13288967268.9500008,
				"Right": 13288967268.9500008
			},
			{
				"Left": 13288967269.0340004,
				"Right": 13288967269.0340004
			},
			{
				"Left": 13288967269.0970001,
				"Right": 13288967269.0970001
			},
			{
				"Left": 13288967269.1819992,
				"Right": 13288967269.1819992
			},
			{
				"Left": 13288967269.2460003,
				"Right": 13288967269.2460003
			},
			{
				"Left": 13288967269.3299999,
				"Right": 13288967269.3299999
			}
		],
		"Rectified": [
			{
				"Left": 13288967267.0170002,
				"Right": 13288967267.0170002
			},
			{
				"Left": 13288967267.1000004,
				"Right": 13288967267.1000004
			},
			{
				"Left": 13288967267.1639996,
				"Right": 13288967267.1639996
			},
			{
				"Left": 13288967267.2479992,
				"Right": 13288967267.2479992
			},
			{
				"Left": 13288967267.3120003,
				"Right": 13288967267.3120003
			},
			{
				"Left": 13288967267.3959999,
				"Right": 13288967267.3959999
			},
			{
				"Left": 13288967267.4580002,
				"Right": 13288967267.4580002
			},
			{
				"Left": 13288967267.5419998,
				"Right": 13288967267.5419998
			},
			{
				"Left": 13288967267.6049995,
				"Right": 13288967267.6049995
			},
			{
				"Left": 13288967267.6879997,
				"Right": 13288967267.6879997
			},
			{
				"Left": 13288967267.7509995,
				"Right": 13288967267.7509995
			},
			{
				"Left": 13288967267.8349991,
				"Right": 13288967267.8349991
			},
			{
				"Left": 13288967267.8980007,
				"Right": 13288967267.8980007
			},
			{
				"Left": 13288967267.9810009,
				"Right": 13288967267.9810009
			},
			{
				"Left": 13288967268.0450001,
				"Right": 13288967268.0450001
			},
			{
				"Left": 13288967268.1280003,
				"Right": 13288967268.1280003
			}
		],