{
	"Calibration": {
		"Dynamic": {
			"CalibrationHistory": null,
			"Stereo": {
				"Angle": {
					"Epipolar": 0,
					"OpticalAxis": 0,
					"Vergence": 0
				},
				"DisparityMapOffset": 0,
				"Left": {
					"Camera": [
						[
							1065.48779296875,
							0,
							0
						],
						[
							0,
							1065.48779296875,
							0
						],
						[
							537.05902099609375,
							511.682861328125,
							1
						]
					],
					"ForcedRawImageSize": [
						2147483647,
						2147483647
					],
					"ForcedRectifiedImageSize": [
						2147483647,
						2147483647
					],
					"RawAoiIncrements": {
						"Height": 1,
						"Left": 1,
						"Top": 1,
						"Width": 1
					},
					"RectifiedAoiIncrements": {
						"Height": 1,
						"Left": 1,
						"Top": 1,
						"Width": 1
					},
					"Rotation": [
						[
							0.998253272738376163,
							-0.00173603141208012162,
							-0.0590541248521863696
						],
						[
							0.0018456222205813287,
							0.999996674536008379,
							0.00180127608748860846
						],
						[
							0.0590508013979509153,
							-0.0019071213544850584,
							0.998253157141212877
						]
					]
				},
				"Reprojection": [
					[
						1,
						0,
						0,
						0
					],
					[
						0,
						1,
						0,
						0
					],
					[
						0,
						0,
						0,
						0.00907992397314073656
					],
					[
						-537.05902099609375,
						-511.682861328125,
						1065.48779296875,
						1.38070430107956588
					]
				],
				"Right": {
					"Camera": [
						[
							1065.48779296875,
							0,
							0
						],
						[
							0,
							1065.48779296875,
							0
						],
						[
							689.1202392578125,
							511.682861328125,
							1
						]
					],
					"ForcedRawImageSize": [
						2147483647,
						2147483647
					],
					"ForcedRectifiedImageSize": [
						2147483647,
						2147483647
					],
					"RawAoiIncrements": {
						"Height": 1,
						"Left": 1,
						"Top": 1,
						"Width": 1
					},
					"RectifiedAoiIncrements": {
						"Height": 1,
						"Left": 1,
						"Top": 1,
						"Width": 1
					},
					"Rotation": [
						[
							0.998811084987000108,
							0.000707605830194730926,
							0.0487433667392873082
						],
						[
							-0.000620542054037203283,
							0.999998185164257536,
							-0.00180127614497851887
						],
						[
							-0.0487445528715851201,
							0.00176888727181010938,
							0.998809711408118472
						]
					]
				}
			}
		},
		"Monocular": {
			"Left": {
				"BinningShift": [
					-11,
					1
				],
				"Camera": [
					[
						1153.603759765625,
						0,
						0
					],
					[
						0,
						1154.1256103515625,
						0
					],
					[
						634.70751953125,
						528.81005859375,
						1
					]
				],
				"Distortion": {
					"K1": -0.544797658920288086,
					"K2": 0.294464230537414551,
					"K3": -0.0865549147129058838,
					"Rx": -0.000937838689424097538,
					"Ry": -0.00186485121957957745,
					"T1": 0.000389171531423926353,
					"T2": -0.000186058750841766596
				}
			},
			"Right": {
				"BinningShift": [
					13,
					1
				],
				"Camera": [
					[
						1155.0831298828125,
						0,
						0
					],
					[
						0,
						1155.7860107421875,
						0
					],
					[
						623.75543212890625,
						494.66058349609375,
						1
					]
				],
				"Distortion": {
					"K1": -0.546837806701660156,
					"K2": 0.301202744245529175,
					"K3": -0.0917431265115737915,
					"Rx": -5.38700733159203082e-05,
					"Ry": -0.00317061017267405987,
					"T1": 0.000516154803335666656,
					"T2": 6.82397439959459007e-05
				}
			}
		},
		"Stereo": {
			"Angle": {
				"Epipolar": 0.0036025575952945239,
				"OpticalAxis": -0.00244751533455544274,
				"Vergence": 0.107851293410595489
			},
			"Baseline": 110.133080734827018,
			"Left": {
				"Camera": [
					[
						1065.48779296875,
						0,
						0
					],
					[
						0,
						1065.48779296875,
						0
					],
					[
						537.05902099609375,
						511.682861328125,
						1
					]
				],
				"Rotation": [
					[
						0.998253272738376163,
						-0.00173603141208012162,
						-0.0590541248521863696
					],
					[
						0.0018456222205813287,
						0.999996674536008379,
						0.00180127608748860846
					],
					[
						0.0590508013979509153,
						-0.0019071213544850584,
						0.998253157141212877
					]
				]
			},
			"Reprojection": [
				[
					1,
					0,
					0,
					0
				],
				[
					0,
					1,
					0,
					0
				],
				[
					0,
					0,
					0,
					0.00907992397314073656
				],
				[
					-537.05902099609375,
					-511.682861328125,
					1065.48779296875,
					1.38070430107956588
				]
			],
			"Right": {
				"Camera": [
					[
						1065.48779296875,
						0,
						0
					],
					[
						0,
						1065.48779296875,
						0
					],
					[
						689.1202392578125,
						511.682861328125,
						1
					]
				],
				"Rotation": [
					[
						0.998811084987000108,
						0.000707605830194730926,
						0.0487433667392873082
					],
					[
						-0.000620542054037203283,
						0.999998185164257536,
						-0.00180127614497851887
					],
					[
						-0.0487445528715851201,
						0.00176888727181010938,
						0.998809711408118472
					]
				]
			}
		}
	},
	"EepromFormat": {
		"Calibration": {
			"Current": 9,
			"Latest": 11
		}
	},
	"EepromId": 255,
	"HardwareRevision": {
		"Projector": 3
	},
	"Images": {
		"DisparityMap": null,
		"Normals": null,
		"PointMap": null,
		"Raw": {
			"Left": 13287845263.2630005,
			"Right": 13287845263.2630005
		},
		"Rectified": {
			"Left": null,
			"Right": null
		},
		"RectifiedTexture": {
			"Left": null,
			"Right": null
		},
		"WithOverlay": {
			"Left": 13287845263.1420002,
			"Right": 13287845263.1420002
		}
	},
	"Link": {
		"Rotation": {
			"Angle": 1.76839686845128097,
			"Axis": [
				0.175781871101214793,
				0.200868615296063896,
				-0.96371807764573858
			]
		},
		"Target": "Workspace",
		"Translation": [
			32.2468338012695313,
			-75.4053421020507813,
			541.7940673828125
		]
	},
	"ModelName": "N45-602-16-IR",
	"Parameters": {
		"Capture": {
			"AutoBlackLevel": true,
			"AutoExposure": false,
			"AutoGain": false,
			"Binning": 1,
			"BlackLevelOffset": 0.599999999999999978,
			"BlackLevelOffsetCalibration": {
				"Left": 0,
				"Right": 0
			},
			"Exposure": 9.99999999999999822,
			"FlashDelay": -0.0500000000000000028,
			"FlexView": false,
			"FrontLight": true,
			"Gain": 1.27000000000000002,
			"GainBoost": false,
			"HardwareGamma": true,
			"Hdr": false,
			"ImageBuffer": {
				"Count": 1,
				"OverflowPolicy": "DiscardOld",
				"Size": 1
			},
			"MaxFlashTime": 10,
			"MaxGain": 4,
			"Mode": "Raw",
			"MultiExposureFactor": 1,
			"PixelClock": 43,
			"Projector": false,
			"ProjectorMinimumDutyCycle": 0.0500000000000000028,
			"TargetBrightness": 128,
			"TriggerDelay": 0,
			"TriggerMode": "Software",
			"Triggered": true,
			"UseDisparityMapAreaOfInterest": false,
			"UseRecalibrator": false,
			"WaitForRecalibration": true
		},
		"DisparityMap": {
			"AreaOfInterest": {
				"FullWidth": true,
				"LeftTop": [
					0,
					0
				],
				"Raw": {
					"Left": {
						"ImageOffset": [
							0,
							0
						],
						"LeftTop": [
							0,
							0
						],
						"RightBottom": [
							1279,
							1023
						]
					},
					"Right": {
						"ImageOffset": [
							0,
							0
						],
						"LeftTop": [
							0,
							0
						],
						"RightBottom": [
							1279,
							1023
						]
					}
				},
				"RightBottom": [
					1279,
					1023
				]
			},
			"ClipToAreaOfInterest": false,
			"Downsample": [
				1,
				1
			],
			"MeasurementVolume": {
				"Far": {
					"DisparityStep": 14.9616366000157957,
					"LeftBottom": [
						-667.876590675775674,
						635.864465504897453,
						1325.0207644865186
					],
					"LeftTop": [
						-667.876590675775674,
						-636.319271385145271,
						1325.0207644865186
					],
					"PixelSize": 1.24358136548391274,
					"RightBottom": [
						843.69655906992034,
						635.864465504897453,
						1325.0207644865186
					],